q_pip,q_dip,q_linkage_base,q_linkage_distal
0.000000000000000000e+00,0.000000000000000000e+00,0.000000000000000000e+00,0.000000000000000000e+00
1.745329251994329374e-03,-5.248523119301573558e-03,-4.086741364994761483e-03,2.907111006301033029e-03
3.490658503988658748e-03,-1.046080474020483209e-02,-8.157385201917222162e-03,5.794078042276495921e-03
5.235987755982988122e-03,-1.563789815055471877e-02,-1.221231474684358886e-02,8.661571159693792765e-03
6.981317007977317496e-03,-2.078080366771262177e-02,-1.625189385612602067e-02,1.151022681956392901e-02
8.726646259971646002e-03,-2.589047221626117334e-02,-2.027646831706997332e-02,1.434065015916274888e-02
1.047197551196597624e-02,-3.096780860329628737e-02,-2.428636704796272028e-02,1.715341706729978100e-02
1.221730476396030649e-02,-3.601367452189974117e-02,-2.828190319861700885e-02,1.994907608724316717e-02
1.396263401595463499e-02,-4.102889130972942056e-02,-3.226337516129396121e-02,2.272815016439011515e-02
1.570796326794896350e-02,-4.601424248672758566e-02,-3.623106750076576787e-02,2.549113825391069454e-02
1.745329251994329200e-02,-5.097047609303384519e-02,-4.018525181124488199e-02,2.823851680173250500e-02
1.919862177193762398e-02,-5.589830684597396626e-02,-4.412618750706709392e-02,3.097074111084463510e-02
2.094395102393195249e-02,-6.079841813294883934e-02,-4.805412255329155613e-02,3.368824660358971101e-02
2.268928027592628099e-02,-6.567146385511257733e-02,-5.196929414165474270e-02,3.639144998938359521e-02
2.443460952792061297e-02,-7.051807013524058476e-02,-5.587192931679574315e-02,3.908075034636571132e-02
2.617993877991494148e-02,-7.533883690182285875e-02,-5.976224555713116615e-02,4.175653012460678326e-02
2.792526803190926998e-02,-8.013433936008640401e-02,-6.364045131432494173e-02,4.441915607767077390e-02
2.967059728390359849e-02,-8.490512935964256158e-02,-6.750674651487642564e-02,4.706898012867011261e-02
3.141592653589792700e-02,-8.965173666751002912e-02,-7.136132302704289998e-02,4.970634017636488267e-02
3.316125578789225897e-02,-9.437467015425982098e-02,-7.520436509592975938e-02,5.233156084622248017e-02
3.490658503988658401e-02,-9.907441890052748334e-02,-7.903604974939071326e-02,5.494495419102340961e-02
3.665191429188091599e-02,-1.037514532302052928e-01,-8.285654717706325556e-02,5.754682034502245358e-02
3.839724354387524796e-02,-1.084062256761804122e-01,-8.666602108467724719e-02,6.013744813537869049e-02
4.014257279586957300e-02,-1.130391718839285353e-01,-9.046462902557683705e-02,6.271711565422144474e-02
4.188790204786390498e-02,-1.176507114576916813e-01,-9.425252271120454495e-02,6.528609079435110374e-02
4.363323129985823695e-02,-1.222412487537072323e-01,-9.802984830215866197e-02,6.784463175140675872e-02
4.537856055185256199e-02,-1.268111736243673349e-01,-1.017967466812672583e-01,7.039298749495248586e-02
4.712388980384689396e-02,-1.313608621170727631e-01,-1.055533537100394881e-01,7.293139821087990526e-02
4.886921905584122594e-02,-1.358906771309529304e-01,-1.092998004696719150e-01,7.546009571712275488e-02
5.061454830783555098e-02,-1.404009690346006423e-01,-1.130362134877440639e-01,7.797930385469253878e-02
5.235987755982988295e-02,-1.448920762476029189e-01,-1.167627149516463625e-01,8.048923885578673776e-02
5.410520681182420799e-02,-1.493643257883254805e-01,-1.204794229096153302e-01,8.299010969053455256e-02
5.585053606381853997e-02,-1.538180337903938266e-01,-1.241864514602912806e-01,8.548211839392116929e-02
5.759586531581287194e-02,-1.582535059899754515e-01,-1.278839109315552669e-01,8.796546037423347286e-02
5.934119456780719698e-02,-1.626710381858638144e-01,-1.315719080493913395e-01,9.044032470427998405e-02
6.108652381980152896e-02,-1.670709166741599638e-01,-1.352505460974189333e-01,9.290689439654276072e-02
6.283185307179585399e-02,-1.714534186592686638e-01,-1.389199250677388697e-01,9.536534666332574517e-02
6.457718232379018597e-02,-1.758188126427304709e-01,-1.425801418036343193e-01,9.781585316288676779e-02
6.632251157578451795e-02,-1.801673587913410479e-01,-1.462312901346751737e-01,1.002585802324507114e-01
6.806784082777884992e-02,-1.844993092858810968e-01,-1.498734610046987825e-01,1.026936891089613724e-01
6.981317007977316802e-02,-1.888149086516750508e-01,-1.535067425931204710e-01,1.051213361383274147e-01
7.155849933176750000e-02,-1.931143940721375962e-01,-1.571312204299974979e-01,1.075416729739075983e-01
7.330382858376183197e-02,-1.973979956862983443e-01,-1.607469775052035033e-01,1.099548467648565619e-01
7.504915783575616395e-02,-2.016659368714006639e-01,-1.643540943721282233e-01,1.123610003350283826e-01
7.679448708775049592e-02,-2.059184345113225234e-01,-1.679526492461640430e-01,1.147602723529095314e-01
7.853981633974482790e-02,-2.101556992518265332e-01,-1.715427180983510880e-01,1.171527974932207172e-01
8.028514559173914600e-02,-2.143779357432880062e-01,-1.751243747444339860e-01,1.195387065905930690e-01
8.203047484373347797e-02,-2.185853428717488001e-01,-1.786976909296145166e-01,1.219181267858675533e-01
8.377580409572780995e-02,-2.227781139788387321e-01,-1.822627364092213043e-01,1.242911816653444745e-01
8.552113334772214193e-02,-2.269564370713772483e-01,-1.858195790255874336e-01,1.266579913935119706e-01
8.726646259971647390e-02,-2.311204950210550280e-01,-1.893682847812763193e-01,1.290186728394950855e-01
8.901179185171079200e-02,-2.352704657549189449e-01,-1.929089179089347184e-01,1.313733396976952683e-01
9.075712110370512398e-02,-2.394065224370431899e-01,-1.964415409378985622e-01,1.337221026028494464e-01
9.250245035569945595e-02,-2.435288336419687560e-01,-1.999662147577794258e-01,1.360650692398888140e-01
9.424777960769378793e-02,-2.476375635202927583e-01,-2.034829986791582002e-01,1.384023444488287069e-01
9.599310885968811990e-02,-2.517328719568707740e-01,-2.069919504915667119e-01,1.407340303249924318e-01
9.773843811168245188e-02,-2.558149147220314390e-01,-2.104931265188980660e-01,1.430602263148159636e-01
9.948376736367676998e-02,-2.598838436161301502e-01,-2.139865816723700576e-01,1.453810293074373483e-01
1.012290966156711020e-01,-2.639398066078437743e-01,-2.174723695011802072e-01,1.476965337223345998e-01
1.029744258676654339e-01,-2.679829479664856962e-01,-2.209505422409705488e-01,1.500068315931804008e-01
1.047197551196597659e-01,-2.720134083887266740e-01,-2.244211508602251826e-01,1.523120126481609660e-01
1.064650843716540979e-01,-2.760313251198969198e-01,-2.278842451046809714e-01,1.546121643868696438e-01
1.082104136236484160e-01,-2.800368320702202318e-01,-2.313398735398712880e-01,1.569073721539973043e-01
1.099557428756427480e-01,-2.840300599262457482e-01,-2.347880835919022857e-01,1.591977192099864880e-01
1.117010721276370799e-01,-2.880111362576398548e-01,-2.382289215865216470e-01,1.614832867987550102e-01
1.134464013796314119e-01,-2.919801856196588830e-01,-2.416624327866019328e-01,1.637641542126884175e-01
1.151917306316257439e-01,-2.959373296514447027e-01,-2.450886614280789466e-01,1.660403988549914445e-01
1.169370598836200620e-01,-2.998826871703710317e-01,-2.485076507544454749e-01,1.683120962995459102e-01
1.186823891356143940e-01,-3.038163742626398545e-01,-2.519194430498554738e-01,1.705793203483989551e-01
1.204277183876087259e-01,-3.077385043703060319e-01,-2.553240796709230764e-01,1.728421430869917508e-01
1.221730476396030579e-01,-3.116491883748548908e-01,-2.587216010772452890e-01,1.751006349372126181e-01
1.239183768915973899e-01,-3.155485346775757094e-01,-2.621120468607474052e-01,1.773548647084255414e-01
1.256637061435917080e-01,-3.194366492767923837e-01,-2.654954557738729015e-01,1.796048996465109404e-01
1.274090353955860400e-01,-3.233136358421839773e-01,-2.688718657567004122e-01,1.818508054810701324e-01
1.291543646475803719e-01,-3.271795957862178028e-01,-2.722413139629953349e-01,1.840926464708023680e-01
1.308996938995747039e-01,-3.310346283329641537e-01,-2.756038367853039794e-01,1.863304854472351835e-01
1.326450231515690359e-01,-3.348788305842811397e-01,-2.789594698790693883e-01,1.885643838567805375e-01
1.343903524035633679e-01,-3.387122975835765715e-01,-2.823082481858647519e-01,1.907944018012748266e-01
1.361356816555576998e-01,-3.425351223771908593e-01,-2.856502059557435302e-01,1.930205980770050012e-01
1.378810109075520318e-01,-3.463473960735727886e-01,-2.889853767687800001e-01,1.952430302123451256e-01
1.396263401595463360e-01,-3.501492079002703761e-01,-2.923137935558033362e-01,1.974617545040135980e-01
1.413716694115406680e-01,-3.539406452588940155e-01,-2.956354886183873987e-01,1.996768260520478400e-01
1.431169986635350000e-01,-3.577217937781060897e-01,-2.989504936481095498e-01,2.018882987935315398e-01
1.448623279155293320e-01,-3.614927373647107700e-01,-3.022588397451144715e-01,2.040962255351255195e-01
1.466076571675236639e-01,-3.652535582529830016e-01,-3.055605574360251708e-01,2.063006579844817168e-01
1.483529864195179959e-01,-3.690043370522229083e-01,-3.088556766911993989e-01,2.085016467805416163e-01
1.500983156715123279e-01,-3.727451527926848307e-01,-3.121442269413949866e-01,2.106992415228021720e-01
1.518436449235066599e-01,-3.764760829699294042e-01,-3.154262370938436533e-01,2.128934907995918557e-01
1.535889741755009918e-01,-3.801972035876124423e-01,-3.187017355477577141e-01,2.150844422153554980e-01
1.553343034274953238e-01,-3.839085891988638366e-01,-3.219707502093109852e-01,2.172721424170478421e-01
1.570796326794896558e-01,-3.876103129462240560e-01,-3.252333085060916673e-01,2.194566371196224885e-01
1.588249619314839600e-01,-3.913024466002856805e-01,-3.284894374010773888e-01,2.216379711306921685e-01
1.605702911834782920e-01,-3.949850605969960071e-01,-3.317391634061168659e-01,2.238161883743572389e-01
1.623156204354726240e-01,-3.986582240737517324e-01,-3.349825125949670301e-01,2.259913319142570209e-01
1.640609496874669559e-01,-4.023220049042954827e-01,-3.382195106158860654e-01,2.281634439758759569e-01
1.658062789394612879e-01,-4.059764697324639293e-01,-3.414501827038067816e-01,2.303325659681183524e-01
1.675516081914556199e-01,-4.096216840048603203e-01,-3.446745536921125286e-01,2.324987385042036614e-01
1.692969374434499519e-01,-4.132577120024305550e-01,-3.478926480240067676e-01,2.346620014218738781e-01
1.710422666954442839e-01,-4.168846168710644839e-01,-3.511044897635282602e-01,2.368223938029805353e-01
1.727875959474386158e-01,-4.205024606511993390e-01,-3.543101026061932224e-01,2.389799539924446492e-01
1.745329251994329478e-01,-4.241113043064843602e-01,-3.575095098892964174e-01,2.411347196166206963e-01
1.762782544514272798e-01,-4.277112077515399235e-01,-3.607027346018747416e-01,2.432867276010921564e-01
1.780235837034215840e-01,-4.313022298788635744e-01,-3.638897993943590592e-01,2.454360141879261548e-01
1.797689129554159160e-01,-4.348844285848656455e-01,-3.670707265879036285e-01,2.475826149523774333e-01
1.815142422074102480e-01,-4.384578607951388207e-01,-3.702455381834370840e-01,2.497265648191122622e-01
1.832595714594045799e-01,-4.420225824888968091e-01,-3.734142558703998915e-01,2.518678980779016641e-01
1.850049007113989119e-01,-4.455786487227215709e-01,-3.765769010352357782e-01,2.540066483988843160e-01
1.867502299633932439e-01,-4.491261136535511511e-01,-3.797334947695985008e-01,2.561428488473458387e-01
1.884955592153875759e-01,-4.526650305609720704e-01,-3.828840578783014870e-01,2.582765318980579927e-01
1.902408884673819078e-01,-4.561954518688611238e-01,-3.860286108870325528e-01,2.604077294492102013e-01
1.919862177193762398e-01,-4.597174291663614909e-01,-3.891671740498194865e-01,2.625364728359187438e-01
1.937315469713705718e-01,-4.632310132282371207e-01,-3.922997673562673704e-01,2.646627928433402666e-01
1.954768762233649038e-01,-4.667362540346351452e-01,-3.954264105385805195e-01,2.667867197194193629e-01
1.972222054753592080e-01,-4.702332007902509936e-01,-3.985471230783610430e-01,2.689082831872489088e-01
1.989675347273535400e-01,-4.737219019429481648e-01,-4.016619242132097867e-01,2.710275124570920013e-01
2.007128639793478719e-01,-4.772024052018157825e-01,-4.047708329431163321e-01,2.731444362380472946e-01
2.024581932313422039e-01,-4.806747575547314355e-01,-4.078738680366726932e-01,2.752590827494008074e-01
2.042035224833365359e-01,-4.841390052853831172e-01,-4.109710480370836194e-01,2.773714797316362279e-01
2.059488517353308679e-01,-4.875951939898364174e-01,-4.140623912680085894e-01,2.794816544571583350e-01
2.076941809873251998e-01,-4.910433685925976732e-01,-4.171479158392239484e-01,2.815896337406993410e-01
2.094395102393195318e-01,-4.944835733622596763e-01,-4.202276396521273938e-01,2.836954439494512314e-01
2.111848394913138638e-01,-4.979158519266642102e-01,-4.233015804050639375e-01,2.857991110129138868e-01
2.129301687433081958e-01,-5.013402472876671290e-01,-4.263697555985084264e-01,2.879006604324665375e-01
2.146754979953025000e-01,-5.047568018354762209e-01,-4.294321825400904125e-01,2.900001172906883085e-01
2.164208272472968320e-01,-5.081655573626093769e-01,-4.324888783494786892e-01,2.920975062604274086e-01
2.181661564992911639e-01,-5.115665550774397552e-01,-4.355398599631152834e-01,2.941928516136154137e-01
2.199114857512854959e-01,-5.149598356173870073e-01,-4.385851441388166627e-01,2.962861772298559515e-01
2.216568150032798279e-01,-5.183454390617407981e-01,-4.416247474602426060e-01,2.983775066047780200e-01
2.234021442552741599e-01,-5.217234049441406007e-01,-4.446586863412407276e-01,3.004668628581739220e-01
2.251474735072684918e-01,-5.250937722647002204e-01,-4.476869770300537787e-01,3.025542687419155996e-01
2.268928027592628238e-01,-5.284565795018356660e-01,-4.507096356134243642e-01,3.046397466476742366e-01
2.286381320112571558e-01,-5.318118646237266489e-01,-4.537266780205642114e-01,3.067233186144195933e-01
2.303834612632514878e-01,-5.351596650995418258e-01,-4.567381200270337338e-01,3.088050063357594688e-01
2.321287905152458197e-01,-5.385000179102803486e-01,-4.597439772584839268e-01,3.108848311670424636e-01
2.338741197672401240e-01,-5.418329595594011394e-01,-4.627442651943178831e-01,3.129628141323230750e-01
2.356194490192344559e-01,-5.451585260831253166e-01,-4.657389991712381772e-01,3.150389759311220672e-01
2.373647782712287879e-01,-5.484767530604894858e-01,-4.687281943866903333e-01,3.171133369450274131e-01
2.391101075232231199e-01,-5.517876756231219204e-01,-4.717118659022259131e-01,3.191859172441193770e-01
2.408554367752174519e-01,-5.550913284647798207e-01,-4.746900286467523600e-01,3.212567365932450514e-01
2.426007660272117838e-01,-5.583877458506254499e-01,-4.776626974197095699e-01,3.233258144581276916e-01
2.443460952792061158e-01,-5.616769616262722309e-01,-4.806298868941487612e-01,3.253931700113295022e-01
2.460914245312004478e-01,-5.649590092265941443e-01,-4.835916116197309655e-01,3.274588221380634323e-01
2.478367537831947798e-01,-5.682339216843068641e-01,-4.865478860256393645e-01,3.295227894418619741e-01
2.495820830351891118e-01,-5.715017316383361745e-01,-4.894987244234156876e-01,3.315850902501096265e-01
2.513274122871834160e-01,-5.747624713419670073e-01,-4.924441410097131211e-01,3.336457426194376907e-01
2.530727415391777479e-01,-5.780161726708072933e-01,-4.953841498689888212e-01,3.357047643409964977e-01
2.548180707911720799e-01,-5.812628671305102301e-01,-4.983187649760987270e-01,3.377621729455837496e-01
2.565634000431664119e-01,-5.845025858643437822e-01,-5.012480001988430800e-01,3.398179857086671696e-01
2.583087292951607439e-01,-5.877353596605576769e-01,-5.041718693004382246e-01,3.418722196552801407e-01
2.600540585471550759e-01,-5.909612189595527809e-01,-5.070903859419120252e-01,3.439248915647956650e-01
2.617993877991494078e-01,-5.941801938608959333e-01,-5.100035636844468812e-01,3.459760179755981824e-01
2.635447170511437398e-01,-5.973923141301415995e-01,-5.129114159916507987e-01,3.480256151896341521e-01
2.652900463031380718e-01,-6.005976092055074211e-01,-5.158139562317765048e-01,3.500736992768689326e-01
2.670353755551324038e-01,-6.037961082043628025e-01,-5.187111976798703949e-01,3.521202860796250889e-01
2.687807048071267357e-01,-6.069878399295776106e-01,-5.216031535198704105e-01,3.541653912168341023e-01
2.705260340591210677e-01,-6.101728328757056730e-01,-5.244898368466515137e-01,3.562090300881752825e-01
2.722713633111153997e-01,-6.133511152350297202e-01,-5.273712606680076576e-01,3.582512178781374068e-01
2.740166925631097317e-01,-6.165227149034464560e-01,-5.302474379065871268e-01,3.602919695599688943e-01
2.757620218151040636e-01,-6.196876594862237297e-01,-5.331183814017754763e-01,3.623312998995520395e-01
2.775073510670983956e-01,-6.228459763036093833e-01,-5.359841039115278427e-01,3.643692234591799917e-01
2.792526803190926721e-01,-6.259976923963188611e-01,-5.388446181141546276e-01,3.664057546012564615e-01
2.809980095710870041e-01,-6.291428345308753833e-01,-5.416999366100556657e-01,3.684409074919061666e-01
2.827433388230813360e-01,-6.322814292048413165e-01,-5.445500719234166453e-01,3.704746961045057851e-01
2.844886680750756680e-01,-6.354135026519154295e-01,-5.473950365038509069e-01,3.725071342231403015e-01
2.862339973270700000e-01,-6.385390808469102453e-01,-5.502348427280043808e-01,3.745382354459754204e-01
2.879793265790643320e-01,-6.416581895106272526e-01,-5.530695029011236663e-01,3.765680131885673632e-01
2.897246558310586639e-01,-6.447708541145922290e-01,-5.558990292585672677e-01,3.785964806870834032e-01
2.914699850830529959e-01,-6.478770998857070751e-01,-5.587234339672937367e-01,3.806236510014664454e-01
2.932153143350473279e-01,-6.509769518107795250e-01,-5.615427291273000776e-01,3.826495370185263312e-01
2.949606435870416599e-01,-6.540704346409516035e-01,-5.643569267730317307e-01,3.846741514549614216e-01
2.967059728390359918e-01,-6.571575728960197260e-01,-5.671660388747419290e-01,3.866975068603135668e-01
2.984513020910303238e-01,-6.602383908686748626e-01,-5.699700773398355125e-01,3.887196156198702290e-01
3.001966313430246558e-01,-6.633129126286219091e-01,-5.727690540141576747e-01,3.907404899574893342e-01
3.019419605950189878e-01,-6.663811620266200109e-01,-5.755629806832622819e-01,3.927601419383766057e-01
3.036872898470133197e-01,-6.694431626984327366e-01,-5.783518690736464407e-01,3.947785834717993936e-01
3.054326190990076517e-01,-6.724989380686743345e-01,-5.811357308539433220e-01,3.967958263137392194e-01
3.071779483510019837e-01,-6.755485113545902642e-01,-5.839145776360963325e-01,3.988118820694959155e-01
3.089232776029963157e-01,-6.785919055697324787e-01,-5.866884209764959834e-01,4.008267621962326999e-01
3.106686068549906476e-01,-6.816291435275618760e-01,-5.894572723770874489e-01,4.028404780054648526e-01
3.124139361069849796e-01,-6.846602478449810292e-01,-5.922211432864541436e-01,4.048530406655119762e-01
3.141592653589793116e-01,-6.876852409457567816e-01,-5.949800451008648849e-01,4.068644612038716524e-01
3.159045946109736436e-01,-6.907041450639108682e-01,-5.977339891653059567e-01,4.088747505095779999e-01
3.176499238629679200e-01,-6.937169822469968494e-01,-6.004829867744772010e-01,4.108839193354869579e-01
3.193952531149622520e-01,-6.967237743593184263e-01,-6.032270491737610207e-01,4.128919783005198241e-01
3.211405823669565840e-01,-6.997245430850944636e-01,-6.059661875601785042e-01,4.148989378918721549e-01
3.228859116189509160e-01,-7.027193099315196534e-01,-6.087004130833073567e-01,4.169048084671631571e-01
3.246312408709452479e-01,-7.057080962317936468e-01,-6.114297368461847348e-01,4.189096002565544374e-01
3.263765701229395799e-01,-7.086909231480555960e-01,-6.141541699061807691e-01,4.209133233648136851e-01
3.281218993749339119e-01,-7.116678116742765070e-01,-6.168737232758592093e-01,4.229159877733512651e-01
3.298672286269282439e-01,-7.146387826390800946e-01,-6.195884079238038744e-01,4.249176033422044085e-01
3.316125578789225758e-01,-7.176038567084899178e-01,-6.222982347754304477e-01,4.269181798119823235e-01
3.333578871309169078e-01,-7.205630543886529793e-01,-6.250032147137818406e-01,4.289177268057882131e-01
3.351032163829112398e-01,-7.235163960284598517e-01,-6.277033585802911375e-01,4.309162538310800095e-01
3.368485456349055718e-01,-7.264639018221470401e-01,-6.303986771755365481e-01,4.329137702815160083e-01
3.385938748868999038e-01,-7.294055918118171888e-01,-6.330891812599697133e-01,4.349102854387476569e-01
3.403392041388942357e-01,-7.323414858899264246e-01,-6.357748815546306886e-01,4.369058084741901382e-01
3.420845333908885677e-01,-7.352716038017015343e-01,-6.384557887418371713e-01,4.389003484507529862e-01
3.438298626428828997e-01,-7.381959651475176187e-01,-6.411319134658661767e-01,4.408939143245342862e-01
3.455751918948772317e-01,-7.411145893852162381e-01,-6.438032663336064054e-01,4.428865149464873419e-01
3.473205211468715636e-01,-7.440274958323902510e-01,-6.464698579152052815e-01,4.448781590640566996e-01
3.490658503988658956e-01,-7.469347036686042607e-01,-6.491316987446933418e-01,4.468688553227768701e-01
3.508111796508602276e-01,-7.498362319375715401e-01,-6.517887993205873087e-01,4.488586122678439594e-01
3.525565089028545596e-01,-7.527320995492994271e-01,-6.544411701064944964e-01,4.508474383456597678e-01
3.543018381548488360e-01,-7.556223252821689940e-01,-6.570888215316790237e-01,4.528353419053390283e-01
3.560471674068431680e-01,-7.585069277849925129e-01,-6.597317639916338017e-01,4.548223312002015462e-01
3.577924966588375000e-01,-7.613859255790127456e-01,-6.623700078486267628e-01,4.568084143892234827e-01
3.595378259108318320e-01,-7.642593370598644853e-01,-6.650035634322319922e-01,4.587935995384642140e-01
3.612831551628261639e-01,-7.671271804995059007e-01,-6.676324410398559728e-01,4.607778946224758698e-01
3.630284844148204959e-01,-7.699894740480943689e-01,-6.702566509372411829e-01,4.627613075256737929e-01
3.647738136668148279e-01,-7.728462357358405477e-01,-6.728762033589621439e-01,4.647438460436932317e-01
3.665191429188091599e-01,-7.756974834748051606e-01,-6.754911085089050360e-01,4.667255178847096175e-01
3.682644721708034918e-01,-7.785432350606811269e-01,-6.781013765607388777e-01,4.687063306707459631e-01
3.700098014227978238e-01,-7.813835081745201805e-01,-6.807070176583702725e-01,4.706862919389473987e-01
3.717551306747921558e-01,-7.842183203844412809e-01,-6.833080419163914954e-01,4.726654091428423854e-01
3.735004599267864878e-01,-7.870476891472852898e-01,-6.859044594205081502e-01,4.746436896535639605e-01
3.752457891787808197e-01,-7.898716318102594336e-01,-6.884962802279677163e-01,4.766211407610727591e-01
3.769911184307751517e-01,-7.926901656125293627e-01,-6.910835143679672221e-01,4.785977696753369592e-01
3.787364476827694837e-01,-7.955033076867863429e-01,-6.936661718420538136e-01,4.805735835275020129e-01
3.804817769347638157e-01,-7.983110750607873563e-01,-6.962442626245151089e-01,4.825485893710359520e-01
3.822271061867581476e-01,-8.011134846588561231e-01,-6.988177966627580062e-01,4.845227941828564866e-01
3.839724354387524796e-01,-8.039105533033672479e-01,-7.013867838776830510e-01,4.864962048644372317e-01
3.857177646907468116e-01,-8.067022977161806274e-01,-7.039512341640365989e-01,4.884688282428908401e-01
3.874630939427411436e-01,-8.094887345200678652e-01,-7.065111573907691955e-01,4.904406710720401463e-01
3.892084231947354755e-01,-8.122698802401018270e-01,-7.090665634013726404e-01,4.924117400334644401e-01
3.909537524467298075e-01,-8.150457513050151093e-01,-7.116174620142134977e-01,4.943820417375315301e-01
3.926990816987240840e-01,-8.178163640485371921e-01,-7.141638630228568374e-01,4.963515827244044942e-01
3.944444109507184160e-01,-8.205817347107080550e-01,-7.167057761963815388e-01,4.983203694650448767e-01
3.961897402027127479e-01,-8.233418794391589302e-01,-7.192432112796884880e-01,5.002884083621834677e-01
3.979350694547070799e-01,-8.260968142903704070e-01,-7.217761779937950095e-01,5.022557057512821999e-01
3.996803987067014119e-01,-8.288465552309109974e-01,-7.243046860361306294e-01,5.042222679014818354e-01
4.014257279586957439e-01,-8.315911181386446138e-01,-7.268287450808168515e-01,5.061881010165234507e-01
4.031710572106900758e-01,-8.343305188039211728e-01,-7.293483647789447133e-01,5.081532112356663689e-01
4.049163864626844078e-01,-8.370647729307370000e-01,-7.318635547588399071e-01,5.101176046345816673e-01
4.066617157146787398e-01,-8.397938961378823564e-01,-7.343743246263274571e-01,5.120812872262336946e-01
4.084070449666730718e-01,-8.425179039600565467e-01,-7.368806839649817420e-01,5.140442649617473769e-01
4.101523742186674037e-01,-8.452368118489723692e-01,-7.393826423363787370e-01,5.160065437312613135e-01
4.118977034706617357e-01,-8.479506351744277026e-01,-7.418802092803291615e-01,5.179681293647604434e-01
4.136430327226560677e-01,-8.506593892253691003e-01,-7.443733943151196186e-01,5.199290276329060490e-01
4.153883619746503997e-01,-8.533630892109238530e-01,-7.468622069377346406e-01,5.218892442478395566e-01
4.171336912266447317e-01,-8.560617502614249474e-01,-7.493466566240831739e-01,5.238487848639863387e-01
4.188790204786390636e-01,-8.587553874293991640e-01,-7.518267528292090773e-01,5.258076550788288728e-01
4.206243497306333956e-01,-8.614440156905565082e-01,-7.543025049875038412e-01,5.277658604336861181e-01
4.223696789826277276e-01,-8.641276499447481108e-01,-7.567739225129086478e-01,5.297234064144671351e-01
4.241150082346220596e-01,-8.668063050169076966e-01,-7.592410147991142111e-01,5.316802984524153786e-01
4.258603374866163915e-01,-8.694799956579783995e-01,-7.617037912197508476e-01,5.336365419248441100e-01
4.276056667386107235e-01,-8.721487365458231444e-01,-7.641622611285781019e-01,5.355921421558558215e-01
4.293509959906050000e-01,-8.748125422861132705e-01,-7.666164338596672678e-01,5.375471044170510027e-01
4.310963252425993320e-01,-8.774714274132073832e-01,-7.690663187275763590e-01,5.395014339282306892e-01
4.328416544945936639e-01,-8.801254063910057823e-01,-7.715119250275246365e-01,5.414551358580750318e-01
4.345869837465879959e-01,-8.827744936137946752e-01,-7.739532620355573656e-01,5.434082153248249725e-01
4.363323129985823279e-01,-8.854187034070752915e-01,-7.763903390087105727e-01,5.453606773969470467e-01
4.380776422505766599e-01,-8.880580500283761225e-01,-7.788231651851695858e-01,5.473125270937826414e-01
4.398229715025709918e-01,-8.906925476680478404e-01,-7.812517497844213565e-01,5.492637693861976977e-01
4.415683007545653238e-01,-8.933222104500497807e-01,-7.836761020074032302e-01,5.512144091972119853e-01
4.433136300065596558e-01,-8.959470524327137753e-01,-7.860962310366503836e-01,5.531644514026230475e-01
4.450589592585539878e-01,-8.985670876095022130e-01,-7.885121460364339363e-01,5.551139008316221535e-01
4.468042885105483197e-01,-9.011823299097496687e-01,-7.909238561529008393e-01,5.570627622673973711e-01
4.485496177625426517e-01,-9.037927931993858799e-01,-7.933313705142031047e-01,5.590110404477250938e-01
4.502949470145369837e-01,-9.063984912816547279e-01,-7.957346982306323646e-01,5.609587400655593470e-01
4.520402762665313157e-01,-9.089994378978136780e-01,-7.981338483947384432e-01,5.629058657696064394e-01
4.537856055185256476e-01,-9.115956467278221176e-01,-8.005288300814576985e-01,5.648524221648898447e-01
4.555309347705199796e-01,-9.141871313910212571e-01,-8.029196523482271530e-01,5.667984138133137506e-01
4.572762640225143116e-01,-9.167739054467931581e-01,-8.053063242350999573e-01,5.687438452342075124e-01
4.590215932745086436e-01,-9.193559823952197618e-01,-8.076888547648577443e-01,5.706887209048705500e-01
4.607669225265029755e-01,-9.219333756777166045e-01,-8.100672529431176550e-01,5.726330452611017030e-01
4.625122517784973075e-01,-9.245060986776709733e-01,-8.124415277584398076e-01,5.745768226977285842e-01
4.642575810304916395e-01,-9.270741647210520853e-01,-8.148116881824236657e-01,5.765200575691200591e-01
4.660029102824859160e-01,-9.296375870770283711e-01,-8.171777431698137306e-01,5.784627541897000569e-01
4.677482395344802479e-01,-9.321963789585518967e-01,-8.195397016585879157e-01,5.804049168344445064e-01
4.694935687864745799e-01,-9.347505535229601037e-01,-8.218975725700587986e-01,5.823465497393751633e-01
4.712388980384689119e-01,-9.373001238725362505e-01,-8.242513648089548894e-01,5.842876571020503285e-01
4.729842272904632439e-01,-9.398451030550916130e-01,-8.266010872635147777e-01,5.862282430820395795e-01
4.747295565424575758e-01,-9.423855040645090497e-01,-8.289467488055692890e-01,5.881683118013976141e-01
4.764748857944519078e-01,-9.449213398412945608e-01,-8.312883582906209767e-01,5.901078673451252143e-01
4.782202150464462398e-01,-9.474526232731159681e-01,-8.336259245579280552e-01,5.920469137616342081e-01
4.799655442984405718e-01,-9.499793671953300489e-01,-8.359594564305794506e-01,5.939854550631915586e-01
4.817108735504349037e-01,-9.525015843915030089e-01,-8.382889627155698520e-01,5.959234952263683383e-01
4.834562028024292357e-01,-9.550192875939158554e-01,-8.406144522038694333e-01,5.978610381924753803e-01
4.852015320544235677e-01,-9.575324894840706591e-01,-8.429359336704989047e-01,5.997980878679953776e-01
4.869468613064178997e-01,-9.600412026931808285e-01,-8.452534158745921289e-01,6.017346481250065438e-01
4.886921905584122316e-01,-9.625454398026582759e-01,-8.475669075594658430e-01,6.036707228016049420e-01
4.904375198104065636e-01,-9.650452133445868164e-01,-8.498764174526804993e-01,6.056063157023130472e-01
4.921828490624008956e-01,-9.675405358021893498e-01,-8.521819542661019931e-01,6.075414305984883079e-01
4.939281783143952276e-01,-9.700314196102950426e-01,-8.544835266959633913e-01,6.094760712287268234e-01
4.956735075663895596e-01,-9.725178771557834168e-01,-8.567811434229204437e-01,6.114102412992523661e-01
4.974188368183838915e-01,-9.749999207780346566e-01,-8.590748131121075382e-01,6.133439444843111765e-01
4.991641660703782235e-01,-9.774775627693639279e-01,-8.613645444131901030e-01,6.152771844265521040e-01
5.009094953223725000e-01,-9.799508153754574735e-01,-8.636503459604210065e-01,6.172099647374094111e-01
5.026548245743668319e-01,-9.824196907957905012e-01,-8.659322263726862978e-01,6.191422889974709243e-01
5.044001538263611639e-01,-9.848842011840424071e-01,-8.682101942535562777e-01,6.210741607568470712e-01
5.061454830783554959e-01,-9.873443586485093348e-01,-8.704842581913307953e-01,6.230055835355337024e-01
5.078908123303498279e-01,-9.898001752525096286e-01,-8.727544267590872096e-01,6.249365608237726910e-01
5.096361415823441599e-01,-9.922516630147715233e-01,-8.750207085147199138e-01,6.268670960823952143e-01
5.113814708343384918e-01,-9.946988339098283838e-01,-8.772831120009878525e-01,6.287971927431792452e-01
5.131268000863328238e-01,-9.971416998684037303e-01,-8.795416457455513815e-01,6.307268542091852837e-01
5.148721293383271558e-01,-9.995802727777807206e-01,-8.817963182610126793e-01,6.326560838550956412e-01
5.166174585903214878e-01,-1.002014564482181846e+00,-8.840471380449539396e-01,6.345848850275492836e-01
5.183627878423158197e-01,-1.004444586783127313e+00,-8.862941135799760062e-01,6.365132610454669049e-01
5.201081170943101517e-01,-1.006870351439798306e+00,-8.885372533337303480e-01,6.384412152003777763e-01
5.218534463463044837e-01,-1.009291870169382932e+00,-8.907765657589523656e-01,6.403687507567354942e-01
5.235987755982988157e-01,-1.011709154647435938e+00,-8.930120592934991386e-01,6.422958709522355036e-01
5.253441048502931476e-01,-1.014122216508212215e+00,-8.952437423603791800e-01,6.442225789981259609e-01
5.270894341022874796e-01,-1.016531067345003425e+00,-8.974716233677790811e-01,6.461488780795114906e-01
5.288347633542818116e-01,-1.018935718710470617e+00,-8.996957107090968186e-01,6.480747713556556100e-01
5.305800926062761436e-01,-1.021336182116976410e+00,-9.019160127629697321e-01,6.500002619602831544e-01
5.323254218582704755e-01,-1.023732469036895854e+00,-9.041325378932998369e-01,6.519253530018667142e-01
5.340707511102648075e-01,-1.026124590902937506e+00,-9.063452944492804697e-01,6.538500475639219545e-01
5.358160803622591395e-01,-1.028512559108457403e+00,-9.085542907654238221e-01,6.557743487052931641e-01
5.375614096142534715e-01,-1.030896385007760152e+00,-9.107595351615804802e-01,6.576982594604330323e-01
5.393067388662478034e-01,-1.033276079916402690e+00,-9.129610359429678468e-01,6.596217828396828686e-01
5.410520681182421354e-01,-1.035651655111491376e+00,-9.151588014001870164e-01,6.615449218295461620e-01
5.427973973702364674e-01,-1.038023121831972428e+00,-9.173528398092489766e-01,6.634676793929594751e-01
5.445427266222307994e-01,-1.040390491278925023e+00,-9.195431594315932600e-01,6.653900584695624509e-01
5.462880558742251313e-01,-1.042753774615835294e+00,-9.217297685141048191e-01,6.673120619759558281e-01
5.480333851262194633e-01,-1.045112982968889881e+00,-9.239126752891402283e-01,6.692336928059692269e-01
5.497787143782137953e-01,-1.047468127427231277e+00,-9.260918879745352328e-01,6.711549538309102836e-01
5.515240436302081273e-01,-1.049819219043250484e+00,-9.282674147736331705e-01,6.730758478998248862e-01
5.532693728822024593e-01,-1.052166268832834373e+00,-9.304392638752938538e-01,6.749963778397436442e-01
5.550147021341967912e-01,-1.054509287775641901e+00,-9.326074434539126656e-01,6.769165464559265821e-01
5.567600313861911232e-01,-1.056848286815355920e+00,-9.347719616694343259e-01,6.788363565321127169e-01
5.585053606381853442e-01,-1.059183276859941181e+00,-9.369328266673706551e-01,6.807558108307558697e-01
5.602506898901796761e-01,-1.061514268781894366e+00,-9.390900465788094564e-01,6.826749120932644743e-01
5.619960191421740081e-01,-1.063841273418493216e+00,-9.412436295204336112e-01,6.845936630402333911e-01
5.637413483941683401e-01,-1.066164301572035011e+00,-9.433935835945268522e-01,6.865120663716766103e-01
5.654866776461626721e-01,-1.068483364010086145e+00,-9.455399168889933037e-01,6.884301247672555135e-01
5.672320068981570040e-01,-1.070798471465712165e+00,-9.476826374773636985e-01,6.903478408865053595e-01
5.689773361501513360e-01,-1.073109634637712695e+00,-9.498217534188100331e-01,6.922652173690542199e-01
5.707226654021456680e-01,-1.075416864190851918e+00,-9.519572727581522287e-01,6.941822568348454681e-01
5.724679946541400000e-01,-1.077720170756085061e+00,-9.540892035258723425e-01,6.960989618843527182e-01
5.742133239061343319e-01,-1.080019564930783105e+00,-9.562175537381198964e-01,6.980153350987974292e-01
5.759586531581286639e-01,-1.082315057278954828e+00,-9.583423313967274204e-01,6.999313790403558500e-01
5.777039824101229959e-01,-1.084606658331455975e+00,-9.604635444892100082e-01,7.018470962523690737e-01
5.794493116621173279e-01,-1.086894378586213517e+00,-9.625812009887817489e-01,7.037624892595490955e-01
5.811946409141116598e-01,-1.089178228508430823e+00,-9.646953088543597232e-01,7.056775605681826491e-01
5.829399701661059918e-01,-1.091458218530799940e+00,-9.668058760305711097e-01,7.075923126663350438e-01
5.846852994181003238e-01,-1.093734359053702310e+00,-9.689129104477620658e-01,7.095067480240402347e-01
5.864306286700946558e-01,-1.096006660445414838e+00,-9.710164200220035013e-01,7.114208690935059920e-01
5.881759579220889878e-01,-1.098275133042307061e+00,-9.731164126550972959e-01,7.133346783092986421e-01
5.899212871740833197e-01,-1.100539787149043214e+00,-9.752128962345825158e-01,7.152481780885437956e-01
5.916666164260776517e-01,-1.102800633038770961e+00,-9.773058786337416315e-01,7.171613708311066482e-01
5.934119456780719837e-01,-1.105057680953313248e+00,-9.793953677116036260e-01,7.190742589197816059e-01
5.951572749300663157e-01,-1.107310941103365920e+00,-9.814813713129537653e-01,7.209868447204783592e-01
5.969026041820606476e-01,-1.109560423668670914e+00,-9.835638972683331538e-01,7.228991305823981861e-01
5.986479334340549796e-01,-1.111806138798210775e+00,-9.856429533940462839e-01,7.248111188382191372e-01
6.003932626860493116e-01,-1.114048096610389393e+00,-9.877185474921659214e-01,7.267228118042727836e-01
6.021385919380436436e-01,-1.116286307193202543e+00,-9.897906873505335490e-01,7.286342117807125263e-01
6.038839211900379755e-01,-1.118520780604428833e+00,-9.918593807427686926e-01,7.305453210516983376e-01
6.056292504420323075e-01,-1.120751526871792247e+00,-9.939246354282675888e-01,7.324561418855566330e-01
6.073745796940266395e-01,-1.122978555993139782e+00,-9.959864591522094024e-01,7.343666765349570191e-01
6.091199089460209715e-01,-1.125201877936611083e+00,-9.980448596455575583e-01,7.362769272370743856e-01
6.108652381980153034e-01,-1.127421502640808093e+00,-1.000099844625065959e+00,7.381868962137572154e-01
6.126105674500096354e-01,-1.129637440014954919e+00,-1.002151421793277208e+00,7.400965856716870128e-01
6.143558967020039674e-01,-1.131849699939069254e+00,-1.004199598838530161e+00,7.420059978025430603e-01
6.161012259539982994e-01,-1.134058292264119583e+00,-1.006244383434959033e+00,7.439151347831591821e-01
6.178465552059926313e-01,-1.136263226812184168e+00,-1.008285783242496514e+00,7.458239987756805078e-01
6.195918844579869633e-01,-1.138464513376612697e+00,-1.010323805906878647e+00,7.477325919277211241e-01
6.213372137099812953e-01,-1.140662161722178158e+00,-1.012358459059643501e+00,7.496409163725159530e-01
6.230825429619756273e-01,-1.142856181585230058e+00,-1.014389750318134276e+00,7.515489742290712982e-01
6.248278722139699592e-01,-1.145046582673850732e+00,-1.016417687285502858e+00,7.534567676023180560e-01
6.265732014659642912e-01,-1.147233374668002126e+00,-1.018442277550709818e+00,7.553642985832569323e-01
6.283185307179586232e-01,-1.149416567219673668e+00,-1.020463528688526633e+00,7.572715692491058803e-01
6.300638599699529552e-01,-1.151596169953031046e+00,-1.022481448259538794e+00,7.591785816634453177e-01
6.318091892219472872e-01,-1.153772192464558088e+00,-1.024496043810144030e+00,7.610853378763611232e-01
6.335545184739415081e-01,-1.155944644323201764e+00,-1.026507322872558525e+00,7.629918399245845251e-01
6.352998477259358401e-01,-1.158113535070512068e+00,-1.028515292964814254e+00,7.648980898316337651e-01
6.370451769779301721e-01,-1.160278874220784573e+00,-1.030519961590762534e+00,7.668040896079517665e-01
6.387905062299245040e-01,-1.162440671261191438e+00,-1.032521336240074916e+00,7.687098412510411372e-01
6.405358354819188360e-01,-1.164598935651929956e+00,-1.034519424388245845e+00,7.706153467456031692e-01
6.422811647339131680e-01,-1.166753676826341124e+00,-1.036514233496589554e+00,7.725206080636648487e-01
6.440264939859075000e-01,-1.168904904191057970e+00,-1.038505771012248058e+00,7.744256271647174117e-01
6.457718232379018319e-01,-1.171052627126128787e+00,-1.040494044368187154e+00,7.763304059958433534e-01
6.475171524898961639e-01,-1.173196854985150361e+00,-1.042479060983200423e+00,7.782349464918461024e-01
6.492624817418904959e-01,-1.175337597095394537e+00,-1.044460828261908336e+00,7.801392505753765860e-01
6.510078109938848279e-01,-1.177474862757939222e+00,-1.046439353594761812e+00,7.820433201570620163e-01
6.527531402458791598e-01,-1.179608661247790513e+00,-1.048414644358042214e+00,7.839471571356275703e-01
6.544984694978734918e-01,-1.181739001814009704e+00,-1.050386707913863127e+00,7.858507633980202911e-01
6.562437987498678238e-01,-1.183865893679834969e+00,-1.052355551610169471e+00,7.877541408195329886e-01
6.579891280018621558e-01,-1.185989346042805925e+00,-1.054321182780744159e+00,7.896572912639236996e-01
6.597344572538564877e-01,-1.188109368074880656e+00,-1.056283608745204106e+00,7.915602165835329274e-01
6.614797865058508197e-01,-1.190225968922555833e+00,-1.058242836809002441e+00,7.934629186194035455e-01
6.632251157578451517e-01,-1.192339157706989505e+00,-1.060198874263434288e+00,7.953653992014002583e-01
6.649704450098394837e-01,-1.194448943524108797e+00,-1.062151728385630989e+00,7.972676601483170700e-01
6.667157742618338157e-01,-1.196555335444735579e+00,-1.064101406438569875e+00,7.991697032679994095e-01
6.684611035138281476e-01,-1.198658342514691499e+00,-1.066047915671066715e+00,8.010715303574529322e-01
6.702064327658224796e-01,-1.200757973754918773e+00,-1.067991263317786377e+00,8.029731432029549865e-01
6.719517620178168116e-01,-1.202854238161588096e+00,-1.069931456599238384e+00,8.048745435801665238e-01
6.736970912698111436e-01,-1.204947144706210782e+00,-1.071868502721780914e+00,8.067757332542409010e-01
6.754424205218054755e-01,-1.207036702335746892e+00,-1.073802408877622128e+00,8.086767139799304616e-01
6.771877497737998075e-01,-1.209122919972716481e+00,-1.075733182244821062e+00,8.105774875016953374e-01
6.789330790257941395e-01,-1.211205806515306627e+00,-1.077660829987292512e+00,8.124780555538082538e-01
6.806784082777884715e-01,-1.213285370837476007e+00,-1.079585359254805255e+00,8.143784198604593350e-01
6.824237375297828034e-01,-1.215361621789062596e+00,-1.081506777182987378e+00,8.162785821358582439e-01
6.841690667817771354e-01,-1.217434568195888245e+00,-1.083425090893326725e+00,8.181785440843389878e-01
6.859143960337714674e-01,-1.219504218859858824e+00,-1.085340307493171785e+00,8.200783074004585060e-01
6.876597252857657994e-01,-1.221570582559071916e+00,-1.087252434075737018e+00,8.219778737691005865e-01
6.894050545377601313e-01,-1.223633668047915179e+00,-1.089161477720105076e+00,8.238772448655700131e-01
6.911503837897544633e-01,-1.225693484057166049e+00,-1.091067445491226362e+00,8.257764223556942618e-01
6.928957130417487953e-01,-1.227750039294094542e+00,-1.092970344439923025e+00,8.276754078959198679e-01
6.946410422937431273e-01,-1.229803342442559178e+00,-1.094870181602893844e+00,8.295742031334079059e-01
6.963863715457374592e-01,-1.231853402163107791e+00,-1.096766964002714229e+00,8.314728097061312440e-01
6.981317007977317912e-01,-1.233900227093070345e+00,-1.098660698647839329e+00,8.333712292429629187e-01
6.998770300497261232e-01,-1.235943825846659294e+00,-1.100551392532609363e+00,8.352694633637760546e-01
7.016223593017204552e-01,-1.237984207015061955e+00,-1.102439052637249617e+00,8.371675136795326821e-01
7.033676885537147871e-01,-1.240021379166536875e+00,-1.104323685927877108e+00,8.390653817923747759e-01
7.051130178057091191e-01,-1.242055350846503980e+00,-1.106205299356499250e+00,8.409630692957139608e-01
7.068583470577034511e-01,-1.244086130577643168e+00,-1.108083899861022736e+00,8.428605777743234384e-01
7.086036763096976721e-01,-1.246113726859981785e+00,-1.109959494365253541e+00,8.447579088044259166e-01
7.103490055616920040e-01,-1.248138148170986117e+00,-1.111832089778900468e+00,8.466550639537775425e-01
7.120943348136863360e-01,-1.250159402965652866e+00,-1.113701692997580928e+00,8.485520447817584966e-01
7.138396640656806680e-01,-1.252177499676599304e+00,-1.115568310902823157e+00,8.504488528394569258e-01
7.155849933176750000e-01,-1.254192446714151643e+00,-1.117431950362071547e+00,8.523454896697550964e-01
7.173303225696693319e-01,-1.256204252466432525e+00,-1.119292618228689307e+00,8.542419568074119951e-01
7.190756518216636639e-01,-1.258212925299448948e+00,-1.121150321341964684e+00,8.561382557791477055e-01
7.208209810736579959e-01,-1.260218473557180641e+00,-1.123005066527112739e+00,8.580343881037260090e-01
7.225663103256523279e-01,-1.262220905561662887e+00,-1.124856860595282004e+00,8.599303552920334326e-01
7.243116395776466598e-01,-1.264220229613075785e+00,-1.126705710343559375e+00,8.618261588471636259e-01
7.260569688296409918e-01,-1.266216453989824853e+00,-1.128551622554971878e+00,8.637218002644946324e-01
7.278022980816353238e-01,-1.268209586948627621e+00,-1.130394603998493785e+00,8.656172810317688260e-01
7.295476273336296558e-01,-1.270199636724599568e+00,-1.132234661429054601e+00,8.675126026291746228e-01
7.312929565856239877e-01,-1.272186611531330058e+00,-1.134071801587537287e+00,8.694077665294166479e-01
7.330382858376183197e-01,-1.274170519560970272e+00,-1.135906031200788924e+00,8.713027741978001117e-01
7.347836150896126517e-01,-1.276151368984314249e+00,-1.137737356981623371e+00,8.731976270923036409e-01
7.365289443416069837e-01,-1.278129167950875944e+00,-1.139565785628830596e+00,8.750923266636529974e-01
7.382742735936013156e-01,-1.280103924588974706e+00,-1.141391323827175786e+00,8.769868743554001256e-01
7.400196028455956476e-01,-1.282075647005810559e+00,-1.143213978247411999e+00,8.788812716039942075e-01
7.417649320975899796e-01,-1.284044343287547463e+00,-1.145033755546282173e+00,8.807755198388553808e-01
7.435102613495843116e-01,-1.286010021499387701e+00,-1.146850662366525331e+00,8.826696204824466818e-01
7.452555906015786436e-01,-1.287972689685654260e+00,-1.148664705336884806e+00,8.845635749503477641e-01
7.470009198535729755e-01,-1.289932355869866099e+00,-1.150475891072113566e+00,8.864573846513259525e-01
7.487462491055673075e-01,-1.291889028054812982e+00,-1.152284226172978210e+00,8.883510509874019689e-01
7.504915783575616395e-01,-1.293842714222638079e+00,-1.154089717226270517e+00,8.902445753539289797e-01
7.522369076095559715e-01,-1.295793422334906797e+00,-1.155892370804809888e+00,8.921379591396529918e-01
7.539822368615503034e-01,-1.297741160332688715e+00,-1.157692193467452002e+00,8.940312037267865719e-01
7.557275661135446354e-01,-1.299685936136627973e+00,-1.159489191759096371e+00,8.959243104910763478e-01
7.574728953655389674e-01,-1.301627757647018324e+00,-1.161283372210692333e+00,8.978172808018651807e-01
7.592182246175332994e-01,-1.303566632743880405e+00,-1.163074741339246598e+00,8.997101160221667726e-01
7.609635538695276313e-01,-1.305502569287031012e+00,-1.164863305647831249e+00,9.016028175087278385e-01
7.627088831215219633e-01,-1.307435575116159487e+00,-1.166649071625590395e+00,9.034953866120911670e-01
7.644542123735162953e-01,-1.309365658050897663e+00,-1.168432045747749060e+00,9.053878246766648985e-01
7.661995416255106273e-01,-1.311292825890894242e+00,-1.170212234475619839e+00,9.072801330407846976e-01
7.679448708775049592e-01,-1.313217086415884527e+00,-1.171989644256611562e+00,9.091723130367777017e-01
7.696902001294992912e-01,-1.315138447385763243e+00,-1.173764281524236841e+00,9.110643659910255820e-01
7.714355293814936232e-01,-1.317056916540654932e+00,-1.175536152698120729e+00,9.129562932240276041e-01
7.731808586334879552e-01,-1.318972501600984337e+00,-1.177305264184009825e+00,9.148480960504628001e-01
7.749261878854822871e-01,-1.320885210267544574e+00,-1.179071622373779160e+00,9.167397757792477009e-01
7.766715171374766191e-01,-1.322795050221569291e+00,-1.180835233645441296e+00,9.186313337136047252e-01
7.784168463894709511e-01,-1.324702029124802394e+00,-1.182596104363156542e+00,9.205227711511163591e-01
7.801621756414652831e-01,-1.326606154619562883e+00,-1.184354240877239395e+00,9.224140893837891042e-01
7.819075048934596150e-01,-1.328507434328817238e+00,-1.186109649524170528e+00,9.243052896981058808e-01
7.836528341454538360e-01,-1.330405875856244924e+00,-1.187862336626603010e+00,9.261963733750953054e-01
7.853981633974481680e-01,-1.332301486786308331e+00,-1.189612308493374071e+00,9.280873416903823170e-01
7.871434926494425000e-01,-1.334194274684316506e+00,-1.191359571419512653e+00,9.299781959142467969e-01
7.888888219014368319e-01,-1.336084247096495981e+00,-1.193104131686250291e+00,9.318689373116821884e-01
7.906341511534311639e-01,-1.337971411550055389e+00,-1.194845995561029772e+00,9.337595671424567811e-01
7.923794804054254959e-01,-1.339855775553250972e+00,-1.196585169297516460e+00,9.356500866611598966e-01
7.941248096574198279e-01,-1.341737346595454294e+00,-1.198321659135606954e+00,9.375404971172667246e-01
7.958701389094141598e-01,-1.343616132147214870e+00,-1.200055471301438637e+00,9.394307997551898382e-01
7.976154681614084918e-01,-1.345492139660328990e+00,-1.201786612007402333e+00,9.413209958143351486e-01
7.993607974134028238e-01,-1.347365376567901674e+00,-1.203515087452150079e+00,9.432110865291543078e-01
8.011061266653971558e-01,-1.349235850284412841e+00,-1.205240903820606890e+00,9.451010731292033284e-01
8.028514559173914877e-01,-1.351103568205780370e+00,-1.206964067283981645e+00,9.469909568391905452e-01
8.045967851693858197e-01,-1.352968537709424712e+00,-1.208684583999777296e+00,9.488807388790334585e-01
8.063421144213801517e-01,-1.354830766154332178e+00,-1.210402460111800638e+00,9.507704204639120249e-01
8.080874436733744837e-01,-1.356690260881116883e+00,-1.212117701750175636e+00,9.526600028043157309e-01
8.098327729253688156e-01,-1.358547029212088475e+00,-1.213830315031353635e+00,9.545494871061039888e-01
8.115781021773631476e-01,-1.360401078451307422e+00,-1.215540306058123576e+00,9.564388745705469930e-01
8.133234314293574796e-01,-1.362252415884653622e+00,-1.217247680919623765e+00,9.583281663943870043e-01
8.150687606813518116e-01,-1.364101048779884806e+00,-1.218952445691354525e+00,9.602173637698818709e-01
8.168140899333461435e-01,-1.365946984386701590e+00,-1.220654606435188638e+00,9.621064678848592067e-01
8.185594191853404755e-01,-1.367790229936804547e+00,-1.222354169199383112e+00,9.639954799227616888e-01
8.203047484373348075e-01,-1.369630792643961259e+00,-1.224051140018592276e+00,9.658844010627039012e-01
8.220500776893291395e-01,-1.371468679704060722e+00,-1.225745524913877560e+00,9.677732324795123020e-01
8.237954069413234715e-01,-1.373303898295179959e+00,-1.227437329892721696e+00,9.696619753437811795e-01
8.255407361933178034e-01,-1.375136455577640637e+00,-1.229126560949039826e+00,9.715506308219188369e-01
8.272860654453121354e-01,-1.376966358694071246e+00,-1.230813224063191935e+00,9.734392000761911135e-01
8.290313946973064674e-01,-1.378793614769465492e+00,-1.232497325201994620e+00,9.753276842647773393e-01
8.307767239493007994e-01,-1.380618230911245359e+00,-1.234178870318737076e+00,9.772160845418094155e-01
8.325220532012951313e-01,-1.382440214209314178e+00,-1.235857865353187979e+00,9.791044020574215523e-01
8.342673824532894633e-01,-1.384259571736122574e+00,-1.237534316231612808e+00,9.809926379577991185e-01
8.360127117052837953e-01,-1.386076310546724866e+00,-1.239208228866785166e+00,9.828807933852230505e-01
8.377580409572781273e-01,-1.387890437678835909e+00,-1.240879609158000996e+00,9.847688694781133734e-01
8.395033702092724592e-01,-1.389701960152892379e+00,-1.242548462991088565e+00,9.866568673710762738e-01
8.412486994612667912e-01,-1.391510884972110951e+00,-1.244214796238425347e+00,9.885447881949520621e-01
8.429940287132611232e-01,-1.393317219122544692e+00,-1.245878614758950009e+00,9.904326330768551401e-01
8.447393579652554552e-01,-1.395120969573139025e+00,-1.247539924398173516e+00,9.923204031402210745e-01
8.464846872172497871e-01,-1.396922143275797445e+00,-1.249198730988197781e+00,9.942080995048492298e-01
8.482300164692441191e-01,-1.398720747165429490e+00,-1.250855040347723879e+00,9.960957232869498412e-01
8.499753457212384511e-01,-1.400516788160012460e+00,-1.252508858282069149e+00,9.979832755991822069e-01
8.517206749732327831e-01,-1.402310273160650489e+00,-1.254160190583180734e+00,9.998707575507026490e-01
8.534660042252271150e-01,-1.404101209051625609e+00,-1.255809043029648242e+00,1.001758170247204482e+00
8.552113334772214470e-01,-1.405889602700459928e+00,-1.257455421386718841e+00,1.003645514790962423e+00
8.569566627292156680e-01,-1.407675460957969804e+00,-1.259099331406311251e+00,1.005532792280874332e+00
8.587019919812099999e-01,-1.409458790658319582e+00,-1.260740778827029285e+00,1.007420003812500298e+00
8.604473212332043319e-01,-1.411239598619082880e+00,-1.262379769374177840e+00,1.009307150478109705e+00
8.621926504851986639e-01,-1.413017891641295876e+00,-1.264016308759775553e+00,1.011194233366718542e+00
8.639379797371929959e-01,-1.414793676509509268e+00,-1.265650402682570563e+00,1.013081253564131146e+00
8.656833089891873279e-01,-1.416566959991849561e+00,-1.267282056828055170e+00,1.014968212152981941e+00
8.674286382411816598e-01,-1.418337748840072354e+00,-1.268911276868479376e+00,1.016855110212774527e+00
8.691739674931759918e-01,-1.420106049789617408e+00,-1.270538068462867320e+00,1.018741948819926080e+00
8.709192967451703238e-01,-1.421871869559661938e+00,-1.272162437257030820e+00,1.020628729047801109e+00
8.726646259971646558e-01,-1.423635214853177011e+00,-1.273784388883585361e+00,1.022515451966755862e+00
8.744099552491589877e-01,-1.425396092356983502e+00,-1.275403928961965194e+00,1.024402118644177406e+00
8.761552845011533197e-01,-1.427154508741802275e+00,-1.277021063098437326e+00,1.026288730144518269e+00
8.779006137531476517e-01,-1.428910470662314136e+00,-1.278635796886119724e+00,1.028175287529341730e+00
8.796459430051419837e-01,-1.430663984757209573e+00,-1.280248135904992424e+00,1.030061791857359133e+00
8.813912722571363156e-01,-1.432415057649242485e+00,-1.281858085721916618e+00,1.031948244184461849e+00
8.831366015091306476e-01,-1.434163695945289696e+00,-1.283465651890648873e+00,1.033834645563771915e+00
8.848819307611249796e-01,-1.435909906236397138e+00,-1.285070839951857113e+00,1.035720997045665115e+00
8.866272600131193116e-01,-1.437653695097837137e+00,-1.286673655433134389e+00,1.037607299677821615e+00
8.883725892651136435e-01,-1.439395069089163481e+00,-1.288274103849018637e+00,1.039493554505257933e+00
8.901179185171079755e-01,-1.441134034754259829e+00,-1.289872190701005339e+00,1.041379762570362466e+00
8.918632477691023075e-01,-1.442870598621396550e+00,-1.291467921477563952e+00,1.043265924912935461e+00
8.936085770210966395e-01,-1.444604767203284901e+00,-1.293061301654155004e+00,1.045152042570226314e+00
8.953539062730909714e-01,-1.446336546997123662e+00,-1.294652336693246086e+00,1.047038116576968214e+00
8.970992355250853034e-01,-1.448065944484657308e+00,-1.296241032044326946e+00,1.048924147965415443e+00
8.988445647770796354e-01,-1.449792966132226635e+00,-1.297827393143927033e+00,1.050810137765379793e+00
9.005898940290739674e-01,-1.451517618390820719e+00,-1.299411425415629484e+00,1.052696087004265202e+00
9.023352232810682994e-01,-1.453239907696132427e+00,-1.300993134270092888e+00,1.054581996707107727e+00
9.040805525330626313e-01,-1.454959840468602827e+00,-1.302572525105061496e+00,1.056467867896603963e+00
9.058258817850569633e-01,-1.456677423113483361e+00,-1.304149603305385430e+00,1.058353701593154561e+00
9.075712110370512953e-01,-1.458392662020878028e+00,-1.305724374243037555e+00,1.060239498814891768e+00
9.093165402890456273e-01,-1.460105563565802012e+00,-1.307296843277126808e+00,1.062125260577721164e+00
9.110618695410399592e-01,-1.461816134108230969e+00,-1.308867015753918395e+00,1.064010987895352756e+00
9.128071987930342912e-01,-1.463524379993149882e+00,-1.310434897006849564e+00,1.065896681779334720e+00
9.145525280450286232e-01,-1.465230307550609457e+00,-1.312000492356548476e+00,1.067782343239089826e+00
9.162978572970229552e-01,-1.466933923095772307e+00,-1.313563807110845527e+00,1.069667973281950069e+00
9.180431865490172871e-01,-1.468635232928970247e+00,-1.315124846564796890e+00,1.071553572913190422e+00
9.197885158010116191e-01,-1.470334243335747360e+00,-1.316683616000696944e+00,1.073439143136061702e+00
9.215338450530059511e-01,-1.472030960586916404e+00,-1.318240120688098926e+00,1.075324684951823428e+00
9.232791743050002831e-01,-1.473725390938609436e+00,-1.319794365883829368e+00,1.077210199359780241e+00
9.250245035569946150e-01,-1.475417540632326219e+00,-1.321346356832006963e+00,1.079095687357313871e+00
9.267698328089889470e-01,-1.477107415894987064e+00,-1.322896098764060557e+00,1.080981149939915120e+00
9.285151620609832790e-01,-1.478795022938979020e+00,-1.324443596898743358e+00,1.082866588101218497e+00
9.302604913129776110e-01,-1.480480367962213162e+00,-1.325988856442154695e+00,1.084752002833035966e+00
9.320058205649718319e-01,-1.482163457148168106e+00,-1.327531882587753120e+00,1.086637395125387151e+00
9.337511498169661639e-01,-1.483844296665945084e+00,-1.329072680516379279e+00,1.088522765966532191e+00
9.354964790689604959e-01,-1.485522892670313677e+00,-1.330611255396267012e+00,1.090408116343006384e+00
9.372418083209548278e-01,-1.487199251301766445e+00,-1.332147612383067781e+00,1.092293447239653048e+00
9.389871375729491598e-01,-1.488873378686563775e+00,-1.333681756619862435e+00,1.094178759639651055e+00
9.407324668249434918e-01,-1.490545280936788508e+00,-1.335213693237184307e+00,1.096064054524547693e+00
9.424777960769378238e-01,-1.492214964150390344e+00,-1.336743427353031866e+00,1.097949332874296857e+00
9.442231253289321558e-01,-1.493882434411242688e+00,-1.338270964072891145e+00,1.099834595667283921e+00
9.459684545809264877e-01,-1.495547697789184394e+00,-1.339796308489751286e+00,1.101719843880359484e+00
9.477137838329208197e-01,-1.497210760340071722e+00,-1.341319465684121415e+00,1.103605078488871349e+00
9.494591130849151517e-01,-1.498871628105831633e+00,-1.342840440724052620e+00,1.105490300466694720e+00
9.512044423369094837e-01,-1.500530307114506634e+00,-1.344359238665151279e+00,1.107375510786265060e+00
9.529497715889038156e-01,-1.502186803380304081e+00,-1.345875864550601264e+00,1.109260710418606521e+00
9.546951008408981476e-01,-1.503841122903645910e+00,-1.347390323411178148e+00,1.111145900333365688e+00
9.564404300928924796e-01,-1.505493271671219269e+00,-1.348902620265272523e+00,1.113031081498839114e+00
9.581857593448868116e-01,-1.507143255656024028e+00,-1.350412760118902211e+00,1.114916254882008850e+00
9.599310885968811435e-01,-1.508791080817419861e+00,-1.351920747965734471e+00,1.116801421448566423e+00
9.616764178488754755e-01,-1.510436753101178642e+00,-1.353426588787105089e+00,1.118686582162949250e+00
9.634217471008698075e-01,-1.512080278439528858e+00,-1.354930287552032153e+00,1.120571737988366401e+00
9.651670763528641395e-01,-1.513721662751208896e+00,-1.356431849217238250e+00,1.122456889886835008e+00
9.669124056048584714e-01,-1.515360911941510569e+00,-1.357931278727169566e+00,1.124342038819198919e+00
9.686577348568528034e-01,-1.516998031902330624e+00,-1.359428581014010096e+00,1.126227185745173998e+00
9.704030641088471354e-01,-1.518633028512220928e+00,-1.360923760997704068e+00,1.128112331623363218e+00
9.721483933608414674e-01,-1.520265907636429326e+00,-1.362416823585972603e+00,1.129997477411298412e+00
9.738937226128357993e-01,-1.521896675126956922e+00,-1.363907773674333468e+00,1.131882624065459808e+00
9.756390518648301313e-01,-1.523525336822599385e+00,-1.365396616146117292e+00,1.133767772541312446e+00
9.773843811168244633e-01,-1.525151898548998908e+00,-1.366883355872488437e+00,1.135652923793334601e+00
9.791297103688187953e-01,-1.526776366118690831e+00,-1.368367997712463868e+00,1.137538078775046202e+00
9.808750396208131273e-01,-1.528398745331151609e+00,-1.369850546512929812e+00,1.139423238439034591e+00
9.826203688728074592e-01,-1.530019041972844551e+00,-1.371331007108660627e+00,1.141308403736990940e+00
9.843656981248017912e-01,-1.531637261817271334e+00,-1.372809384322340787e+00,1.143193575619732449e+00
9.861110273767961232e-01,-1.533253410625020408e+00,-1.374285682964578648e+00,1.145078755037237883e+00
9.878563566287904552e-01,-1.534867494143805633e+00,-1.375759907833928875e+00,1.146963942938667103e+00
9.896016858807847871e-01,-1.536479518108528453e+00,-1.377232063716909982e+00,1.148849140272402813e+00
9.913470151327791191e-01,-1.538089488241312530e+00,-1.378702155388024098e+00,1.150734347986067441e+00
9.930923443847734511e-01,-1.539697410251556597e+00,-1.380170187609771393e+00,1.152619567026558656e+00
9.948376736367677831e-01,-1.541303289835982415e+00,-1.381636165132676952e+00,1.154504798340073357e+00
9.965830028887621150e-01,-1.542907132678682292e+00,-1.383100092695301875e+00,1.156390042872143198e+00
9.983283321407564470e-01,-1.544508944451162158e+00,-1.384561975024265035e+00,1.158275301567653237e+00
1.000073661392750779e+00,-1.546108730812395748e+00,-1.386021816834265064e+00,1.160160575370881020e+00
1.001818990644745000e+00,-1.547706497408865012e+00,-1.387479622828094783e+00,1.162045865225515229e+00
1.003564319896739443e+00,-1.549302249874611181e+00,-1.388935397696660523e+00,1.163931172074690323e+00
1.005309649148733664e+00,-1.550895993831280961e+00,-1.390389146119004105e+00,1.165816496861010521e+00
1.007054978400728107e+00,-1.552487734888173598e+00,-1.391840872762317716e+00,1.167701840526583545e+00
1.008800307652722328e+00,-1.554077478642288401e+00,-1.393290582281967893e+00,1.169587204013042836e+00
1.010545636904716771e+00,-1.555665230678369149e+00,-1.394738279321509733e+00,1.171472588261575964e+00
1.012290966156710992e+00,-1.557250996568955159e+00,-1.396183968512707763e+00,1.173357994212958388e+00
1.014036295408705435e+00,-1.558834781874424813e+00,-1.397627654475555481e+00,1.175243422807574767e+00
1.015781624660699656e+00,-1.560416592143044401e+00,-1.399069341818294454e+00,1.177128874985449158e+00
1.017526953912694099e+00,-1.561996432911010757e+00,-1.400509035137429414e+00,1.179014351686275219e+00
1.019272283164688320e+00,-1.563574309702505438e+00,-1.401946739017754906e+00,1.180899853849439296e+00
1.021017612416682763e+00,-1.565150228029733803e+00,-1.403382458032366831e+00,1.182785382414049735e+00
1.022762941668676984e+00,-1.566724193392977860e+00,-1.404816196742684653e+00,1.184670938318969746e+00
1.024508270920671427e+00,-1.568296211280637564e+00,-1.406247959698472272e+00,1.186556522502836941e+00
1.026253600172665648e+00,-1.569866287169278785e+00,-1.407677751437851565e+00,1.188442135904092645e+00
1.027998929424660091e+00,-1.571434426523684369e+00,-1.409105576487327927e+00,1.190327779461016533e+00
1.029744258676654312e+00,-1.573000634796894115e+00,-1.410531439361803585e+00,1.192213454111745286e+00
1.031489587928648755e+00,-1.574564917430255395e+00,-1.411955344564601145e+00,1.194099160794302783e+00
1.033234917180642976e+00,-1.576127279853468011e+00,-1.413377296587479792e+00,1.195984900446631194e+00
1.034980246432637419e+00,-1.577687727484629931e+00,-1.414797299910655726e+00,1.197870674006611402e+00
1.036725575684631639e+00,-1.579246265730285703e+00,-1.416215359002817920e+00,1.199756482412099423e+00
1.038470904936626082e+00,-1.580802899985469967e+00,-1.417631478321153438e+00,1.201642326600942390e+00
1.040216234188620303e+00,-1.582357635633757642e+00,-1.419045662311360534e+00,1.203528207511016745e+00
1.041961563440614746e+00,-1.583910478047305670e+00,-1.420457915407670191e+00,1.205414126080249559e+00
1.043706892692608967e+00,-1.585461432586902308e+00,-1.421868242032865437e+00,1.207300083246646061e+00
1.045452221944603188e+00,-1.587010504602011096e+00,-1.423276646598297779e+00,1.209186079948317172e+00
1.047197551196597631e+00,-1.588557699430821035e+00,-1.424683133503910515e+00,1.211072117123507930e+00
1.048942880448591852e+00,-1.590103022400286115e+00,-1.426087707138252947e+00,1.212958195710625020e+00
1.050688209700586295e+00,-1.591646478826179933e+00,-1.427490371878503472e+00,1.214844316648262534e+00
1.052433538952580516e+00,-1.593188074013131228e+00,-1.428891132090484462e+00,1.216730480875227727e+00
1.054178868204574959e+00,-1.594727813254679827e+00,-1.430289992128685350e+00,1.218616689330569436e+00
1.055924197456569180e+00,-1.596265701833317063e+00,-1.431686956336278405e+00,1.220502942953608283e+00
1.057669526708563623e+00,-1.597801745020535513e+00,-1.433082029045138484e+00,1.222389242683960653e+00
1.059414855960557844e+00,-1.599335948076867631e+00,-1.434475214575863689e+00,1.224275589461561786e+00
1.061160185212552287e+00,-1.600868316251941259e+00,-1.435866517237790907e+00,1.226161984226702195e+00
1.062905514464546508e+00,-1.602398854784520488e+00,-1.437255941329017350e+00,1.228048427920048979e+00
1.064650843716540951e+00,-1.603927568902549616e+00,-1.438643491136419428e+00,1.229934921482670696e+00
1.066396172968535172e+00,-1.605454463823205113e+00,-1.440029170935667846e+00,1.231821465856071995e+00
1.068141502220529615e+00,-1.606979544752933808e+00,-1.441412984991252921e+00,1.233708061982210502e+00
1.069886831472523836e+00,-1.608502816887506182e+00,-1.442794937556495016e+00,1.235594710803535001e+00
1.071632160724518279e+00,-1.610024285412057221e+00,-1.444175032873573405e+00,1.237481413263002317e+00
1.073377489976512500e+00,-1.611543955501135716e+00,-1.445553275173535157e+00,1.239368170304112837e+00
1.075122819228506943e+00,-1.613061832318744671e+00,-1.446929668676320890e+00,1.241254982870930945e+00
1.076868148480501164e+00,-1.614577921018395035e+00,-1.448304217590777210e+00,1.243141851908118767e+00
1.078613477732495607e+00,-1.616092226743143456e+00,-1.449676926114684017e+00,1.245028778360955712e+00
1.080358806984489828e+00,-1.617604754625645125e+00,-1.451047798434764502e+00,1.246915763175370451e+00
1.082104136236484271e+00,-1.619115509788192853e+00,-1.452416838726708459e+00,1.248802807297968442e+00
1.083849465488478492e+00,-1.620624497342767700e+00,-1.453784051155190271e+00,1.250689911676055921e+00
1.085594794740472935e+00,-1.622131722391085162e+00,-1.455149439873885786e+00,1.252577077257672755e+00
1.087340123992467156e+00,-1.623637190024634691e+00,-1.456513009025492300e+00,1.254464304991609325e+00
1.089085453244461599e+00,-1.625140905324731655e+00,-1.457874762741747876e+00,1.256351595827445600e+00
1.090830782496455820e+00,-1.626642873362563080e+00,-1.459234705143447774e+00,1.258238950715571569e+00
1.092576111748450263e+00,-1.628143099199228949e+00,-1.460592840340464882e+00,1.260126370607214774e+00
1.094321441000444484e+00,-1.629641587885791054e+00,-1.461949172431766142e+00,1.262013856454469618e+00
1.096066770252438927e+00,-1.631138344463317402e+00,-1.463303705505432095e+00,1.263901409210324900e+00
1.097812099504433148e+00,-1.632633373962928847e+00,-1.464656443638676642e+00,1.265789029828685130e+00
1.099557428756427591e+00,-1.634126681405846604e+00,-1.466007390897861695e+00,1.267676719264412277e+00
1.101302758008421812e+00,-1.635618271803431334e+00,-1.467356551338519388e+00,1.269564478473334646e+00
1.103048087260416255e+00,-1.637108150157239095e+00,-1.468703929005366726e+00,1.271452308412288623e+00
1.104793416512410476e+00,-1.638596321459056426e+00,-1.470049527932327349e+00,1.273340210039139109e+00
1.106538745764404919e+00,-1.640082790690953640e+00,-1.471393352142547739e+00,1.275228184312810598e+00
1.108284075016399139e+00,-1.641567562825327009e+00,-1.472735405648415208e+00,1.277116232193311163e+00
1.110029404268393582e+00,-1.643050642824946728e+00,-1.474075692451576547e+00,1.279004354641763541e+00
1.111774733520387803e+00,-1.644532035642998213e+00,-1.475414216542956014e+00,1.280892552620430003e+00
1.113520062772382246e+00,-1.646011746223136285e+00,-1.476750981902773541e+00,1.282780827092745213e+00
1.115265392024376467e+00,-1.647489779499522466e+00,-1.478085992500562718e+00,1.284669179023335772e+00
1.117010721276370688e+00,-1.648966140396871616e+00,-1.479419252295188114e+00,1.286557609378053968e+00
1.118756050528365131e+00,-1.650440833830504772e+00,-1.480750765234864819e+00,1.288446119124005307e+00
1.120501379780359352e+00,-1.651913864706387347e+00,-1.482080535257174425e+00,1.290334709229572496e+00
1.122246709032353795e+00,-1.653385237921180195e+00,-1.483408566289082131e+00,1.292223380664451859e+00
1.123992038284348016e+00,-1.654854958362279582e+00,-1.484734862246958942e+00,1.294112134399668435e+00
1.125737367536342459e+00,-1.656323030907870475e+00,-1.486059427036593661e+00,1.296000971407618607e+00
1.127482696788336680e+00,-1.657789460426965178e+00,-1.487382264553215538e+00,1.297889892662086098e+00
1.129228026040331123e+00,-1.659254251779454403e+00,-1.488703378681509593e+00,1.299778899138275712e+00
1.130973355292325344e+00,-1.660717409816150791e+00,-1.490022773295633041e+00,1.301667991812843539e+00
1.132718684544319787e+00,-1.662178939378835985e+00,-1.491340452259235727e+00,1.303557171663920045e+00
1.134464013796314008e+00,-1.663638845300302815e+00,-1.492656419425474557e+00,1.305446439671142045e+00
1.136209343048308451e+00,-1.665097132404409486e+00,-1.493970678637033922e+00,1.307335796815683793e+00
1.137954672300302672e+00,-1.666553805506116426e+00,-1.495283233726141026e+00,1.309225244080277406e+00
1.139700001552297115e+00,-1.668008869411535144e+00,-1.496594088514584753e+00,1.311114782449247507e+00
1.141445330804291336e+00,-1.669462328917981964e+00,-1.497903246813730771e+00,1.313004412908542307e+00
1.143190660056285779e+00,-1.670914188814010437e+00,-1.499210712424541736e+00,1.314894136445754924e+00
1.144935989308280000e+00,-1.672364453879466417e+00,-1.500516489137591725e+00,1.316783954050155359e+00
1.146681318560274443e+00,-1.673813128885535129e+00,-1.501820580733085775e+00,1.318673866712723353e+00
1.148426647812268664e+00,-1.675260218594780248e+00,-1.503122990980874318e+00,1.320563875426175038e+00
1.150171977064263107e+00,-1.676705727761198084e+00,-1.504423723640472943e+00,1.322453981184988692e+00
1.151917306316257328e+00,-1.678149661130256654e+00,-1.505722782461077713e+00,1.324344184985436712e+00
1.153662635568251771e+00,-1.679592023438946313e+00,-1.507020171181582713e+00,1.326234487825615815e+00
1.155407964820245992e+00,-1.681032819415826829e+00,-1.508315893530596252e+00,1.328124890705476346e+00
1.157153294072240435e+00,-1.682472053781068677e+00,-1.509609953226459300e+00,1.330015394626849812e+00
1.158898623324234656e+00,-1.683909731246504560e+00,-1.510902353977259249e+00,1.331906000593479966e+00
1.160643952576229099e+00,-1.685345856515672924e+00,-1.512193099480851233e+00,1.333796709611050346e+00
1.162389281828223320e+00,-1.686780434283865482e+00,-1.513482193424869005e+00,1.335687522687219797e+00
1.164134611080217763e+00,-1.688213469238172504e+00,-1.514769639486746700e+00,1.337578440831643789e+00
1.165879940332211984e+00,-1.689644966057531228e+00,-1.516055441333732823e+00,1.339469465056009945e+00
1.167625269584206427e+00,-1.691074929412772043e+00,-1.517339602622905570e+00,1.341360596374072678e+00
1.169370598836200648e+00,-1.692503363966661567e+00,-1.518622127001191924e+00,1.343251835801670069e+00
1.171115928088195091e+00,-1.693930274373955491e+00,-1.519903018105382975e+00,1.345143184356768273e+00
1.172861257340189312e+00,-1.695355665281439439e+00,-1.521182279562149908e+00,1.347034643059478398e+00
1.174606586592183755e+00,-1.696779541327979146e+00,-1.522459914988059104e+00,1.348926212932103574e+00
1.176351915844177976e+00,-1.698201907144567091e+00,-1.523735927989590788e+00,1.350817894999154056e+00
1.178097245096172418e+00,-1.699622767354366459e+00,-1.525010322163153242e+00,1.352709690287385413e+00
1.179842574348166639e+00,-1.701042126572760882e+00,-1.526283101095098349e+00,1.354601599825828728e+00
1.181587903600161082e+00,-1.702459989407402396e+00,-1.527554268361740020e+00,1.356493624645823459e+00
1.183333232852155303e+00,-1.703876360458253192e+00,-1.528823827529368407e+00,1.358385765781040533e+00
1.185078562104149746e+00,-1.705291244317639787e+00,-1.530091782154263669e+00,1.360278024267525865e+00
1.186823891356143967e+00,-1.706704645570293444e+00,-1.531358135782715735e+00,1.362170401143721676e+00
1.188569220608138410e+00,-1.708116568793402124e+00,-1.532622891951038291e+00,1.364062897450502021e+00
1.190314549860132631e+00,-1.709527018556655342e+00,-1.533886054185581660e+00,1.365955514231206536e+00
1.192059879112126852e+00,-1.710935999422292131e+00,-1.535147626002752785e+00,1.367848252531666198e+00
1.193805208364121295e+00,-1.712343515945147665e+00,-1.536407610909028332e+00,1.369741113400240629e+00
1.195550537616115516e+00,-1.713749572672702115e+00,-1.537666012400971116e+00,1.371634097887846515e+00
1.197295866868109959e+00,-1.715154174145127275e+00,-1.538922833965241210e+00,1.373527207047995802e+00
1.199041196120104180e+00,-1.716557324895334524e+00,-1.540178079078617701e+00,1.375420441936821447e+00
1.200786525372098623e+00,-1.717959029449021457e+00,-1.541431751208008905e+00,1.377313803613111176e+00
1.202531854624092844e+00,-1.719359292324719846e+00,-1.542683853810470795e+00,1.379207293138342116e+00
1.204277183876087287e+00,-1.720758118033845818e+00,-1.543934390333218110e+00,1.381100911576714552e+00
1.206022513128081508e+00,-1.722155511080743828e+00,-1.545183364213642774e+00,1.382994659995182118e+00
1.207767842380075951e+00,-1.723551475962736390e+00,-1.546430778879327450e+00,1.384888539463484669e+00
1.209513171632070172e+00,-1.724946017170173818e+00,-1.547676637748058859e+00,1.386782551054185575e+00
1.211258500884064615e+00,-1.726339139186478189e+00,-1.548920944227845542e+00,1.388676695842697484e+00
1.213003830136058836e+00,-1.727730846488197525e+00,-1.550163701716928522e+00,1.390570974907327617e+00
1.214749159388053279e+00,-1.729121143545047090e+00,-1.551404913603799063e+00,1.392465389329301750e+00
1.216494488640047500e+00,-1.730510034819962684e+00,-1.552644583267212219e+00,1.394359940192797964e+00
1.218239817892041943e+00,-1.731897524769146379e+00,-1.553882714076200156e+00,1.396254628584988389e+00
1.219985147144036164e+00,-1.733283617842118041e+00,-1.555119309390086801e+00,1.398149455596067625e+00
1.221730476396030607e+00,-1.734668318481759730e+00,-1.556354372558502730e+00,1.400044422319287385e+00
1.223475805648024828e+00,-1.736051631124368555e+00,-1.557587906921398258e+00,1.401939529850995569e+00
1.225221134900019271e+00,-1.737433560199702853e+00,-1.558819915809058543e+00,1.403834779290663803e+00
1.226966464152013492e+00,-1.738814110131028823e+00,-1.560050402542115577e+00,1.405730171740927403e+00
1.228711793404007935e+00,-1.740193285335178253e+00,-1.561279370431563951e+00,1.407625708307621792e+00
1.230457122656002156e+00,-1.741571090222586715e+00,-1.562506822778773286e+00,1.409521390099815363e+00
1.232202451907996599e+00,-1.742947529197349965e+00,-1.563732762875504445e+00,1.411417218229841453e+00
1.233947781159990820e+00,-1.744322606657269681e+00,-1.564957194003916641e+00,1.413313193813344526e+00
1.235693110411985263e+00,-1.745696326993905867e+00,-1.566180119436588081e+00,1.415209317969303271e+00
1.237438439663979484e+00,-1.747068694592622151e+00,-1.567401542436527739e+00,1.417105591820074117e+00
1.239183768915973927e+00,-1.748439713832640408e+00,-1.568621466257182906e+00,1.419002016491431206e+00
1.240929098167968148e+00,-1.749809389087083389e+00,-1.569839894142459613e+00,1.420898593112592145e+00
1.242674427419962591e+00,-1.751177724723035123e+00,-1.571056829326732407e+00,1.422795322816265084e+00
1.244419756671956812e+00,-1.752544725101579992e+00,-1.572272275034857003e+00,1.424692206738679801e+00
1.246165085923951255e+00,-1.753910394577858689e+00,-1.573486234482183832e+00,1.426589246019625890e+00
1.247910415175945475e+00,-1.755274737501117066e+00,-1.574698710874571361e+00,1.428486441802490958e+00
1.249655744427939918e+00,-1.756637758214754985e+00,-1.575909707408395422e+00,1.430383795234299704e+00
1.251401073679934139e+00,-1.757999461056379609e+00,-1.577119227270567636e+00,1.432281307465745890e+00
1.253146402931928582e+00,-1.759359850357854693e+00,-1.578327273638543193e+00,1.434178979651239416e+00
1.254891732183922803e+00,-1.760718930445349883e+00,-1.579533849680333946e+00,1.436076812948938297e+00
1.256637061435917246e+00,-1.762076705639390450e+00,-1.580738958554523510e+00,1.437974808520784187e+00
1.258382390687911467e+00,-1.763433180254915023e+00,-1.581942603410273485e+00,1.439872967532553005e+00
1.260127719939905910e+00,-1.764788358601315998e+00,-1.583144787387342767e+00,1.441771291153878920e+00
1.261873049191900131e+00,-1.766142244982500387e+00,-1.584345513616093770e+00,1.443669780558306748e+00
1.263618378443894574e+00,-1.767494843696935547e+00,-1.585544785217507524e+00,1.445568436923322153e+00
1.265363707695888795e+00,-1.768846159037702925e+00,-1.586742605303193443e+00,1.447467261430398722e+00
1.267109036947883016e+00,-1.770196195292545571e+00,-1.587938976975403538e+00,1.449366255265024606e+00
1.268854366199877459e+00,-1.771544956743928090e+00,-1.589133903327038855e+00,1.451265419616766472e+00
1.270599695451871680e+00,-1.772892447669079719e+00,-1.590327387441666573e+00,1.453164755679285491e+00
1.272345024703866123e+00,-1.774238672340050726e+00,-1.591519432393528444e+00,1.455064264650388850e+00
1.274090353955860344e+00,-1.775583635023764817e+00,-1.592710041247551889e+00,1.456963947732073272e+00
1.275835683207854787e+00,-1.776927339982069753e+00,-1.593899217059361550e+00,1.458863806130562324e+00
1.277581012459849008e+00,-1.778269791471788430e+00,-1.595086962875290837e+00,1.460763841056346379e+00
1.279326341711843451e+00,-1.779610993744778824e+00,-1.596273281732390581e+00,1.462664053724231472e+00
1.281071670963837672e+00,-1.780950951047974407e+00,-1.597458176658442586e+00,1.464564445353369493e+00
1.282817000215832115e+00,-1.782289667623448537e+00,-1.598641650671969616e+00,1.466465017167310592e+00
1.284562329467826336e+00,-1.783627147708461536e+00,-1.599823706782241395e+00,1.468365770394046699e+00
1.286307658719820779e+00,-1.784963395535517527e+00,-1.601004347989293697e+00,1.470266706266044388e+00
1.288052987971815000e+00,-1.786298415332411516e+00,-1.602183577283929905e+00,1.472167826020296388e+00
1.289798317223809443e+00,-1.787632211322290221e+00,-1.603361397647735886e+00,1.474069130898363333e+00
1.291543646475803664e+00,-1.788964787723702266e+00,-1.604537812053088652e+00,1.475970622146417277e+00
1.293288975727798107e+00,-1.790296148750652350e+00,-1.605712823463167460e+00,1.477872301015283441e+00
1.295034304979792328e+00,-1.791626298612654100e+00,-1.606886434831961363e+00,1.479774168760485509e+00
1.296779634231786771e+00,-1.792955241514787801e+00,-1.608058649104279869e+00,1.481676226642294480e+00
1.298524963483780992e+00,-1.794282981657750575e+00,-1.609229469215763375e+00,1.483578475925768636e+00
1.300270292735775435e+00,-1.795609523237917227e+00,-1.610398898092891162e+00,1.485480917880801499e+00
1.302015621987769656e+00,-1.796934870447387311e+00,-1.611566938652990721e+00,1.487383553782166246e+00
1.303760951239764099e+00,-1.798259027474044203e+00,-1.612733593804248855e+00,1.489286384909559224e+00
1.305506280491758320e+00,-1.799581998501611935e+00,-1.613898866445717228e+00,1.491189412547653248e+00
1.307251609743752763e+00,-1.800903787709708048e+00,-1.615062759467324360e+00,1.493092637986136673e+00
1.308996938995746984e+00,-1.802224399273899103e+00,-1.616225275749881840e+00,1.494996062519764024e+00
1.310742268247741427e+00,-1.803543837365758407e+00,-1.617386418165096096e+00,1.496899687448403071e+00
1.312487597499735648e+00,-1.804862106152920642e+00,-1.618546189575571059e+00,1.498803514077085453e+00
1.314232926751730091e+00,-1.806179209799137375e+00,-1.619704592834825041e+00,1.500707543716042203e+00
1.315978256003724312e+00,-1.807495152464335231e+00,-1.620861630787290508e+00,1.502611777680769478e+00
1.317723585255718755e+00,-1.808809938304672293e+00,-1.622017306268327186e+00,1.504516217292064084e+00
1.319468914507712975e+00,-1.810123571472595394e+00,-1.623171622104227829e+00,1.506420863876080318e+00
1.321214243759707418e+00,-1.811436056116892068e+00,-1.624324581112228216e+00,1.508325718764371715e+00
1.322959573011701639e+00,-1.812747396382757614e+00,-1.625476186100509590e+00,1.510230783293949663e+00
1.324704902263696082e+00,-1.814057596411843054e+00,-1.626626439868213314e+00,1.512136058807325156e+00
1.326450231515690303e+00,-1.815366660342319527e+00,-1.627775345205442425e+00,1.514041546652567405e+00
1.328195560767684746e+00,-1.816674592308933800e+00,-1.628922904893271850e+00,1.515947248183346474e+00
1.329940890019678967e+00,-1.817981396443063336e+00,-1.630069121703753954e+00,1.517853164758988349e+00
1.331686219271673410e+00,-1.819287076872781128e+00,-1.631213998399926757e+00,1.519759297744528226e+00
1.333431548523667631e+00,-1.820591637722911660e+00,-1.632357537735817488e+00,1.521665648510762026e+00
1.335176877775662074e+00,-1.821895083115085523e+00,-1.633499742456455461e+00,1.523572218434292580e+00
1.336922207027656295e+00,-1.823197417167808698e+00,-1.634640615297870747e+00,1.525479008897594468e+00
1.338667536279650738e+00,-1.824498643996510072e+00,-1.635780158987106603e+00,1.527386021289053986e+00
1.340412865531644959e+00,-1.825798767713611603e+00,-1.636918376242221029e+00,1.529293257003034867e+00
1.342158194783639180e+00,-1.827097792428579837e+00,-1.638055269772297207e+00,1.531200717439921810e+00
1.343903524035633623e+00,-1.828395722247993405e+00,-1.639190842277447491e+00,1.533108404006179981e+00
1.345648853287627844e+00,-1.829692561275597207e+00,-1.640325096448815856e+00,1.535016318114409195e+00
1.347394182539622287e+00,-1.830988313612371687e+00,-1.641458034968586555e+00,1.536924461183407864e+00
1.349139511791616508e+00,-1.832282983356581685e+00,-1.642589660509991445e+00,1.538832834638206748e+00
1.350884841043610951e+00,-1.833576574603850595e+00,-1.643719975737309991e+00,1.540741439910151556e+00
1.352630170295605172e+00,-1.834869091447211442e+00,-1.644848983305878587e+00,1.542650278436937583e+00
1.354375499547599615e+00,-1.836160537977176155e+00,-1.645976685862093003e+00,1.544559351662682545e+00
1.356120828799593836e+00,-1.837450918281795520e+00,-1.647103086043414599e+00,1.546468661037975423e+00
1.357866158051588279e+00,-1.838740236446720466e+00,-1.648228186478371882e+00,1.548378208019936864e+00
1.359611487303582500e+00,-1.840028496555263349e+00,-1.649351989786570716e+00,1.550287994072275133e+00
1.361356816555576943e+00,-1.841315702688469003e+00,-1.650474498578689886e+00,1.552198020665356282e+00
1.363102145807571164e+00,-1.842601858925167146e+00,-1.651595715456493751e+00,1.554108289276245003e+00
1.364847475059565607e+00,-1.843886969342044324e+00,-1.652715643012831137e+00,1.556018801388779238e+00
1.366592804311559828e+00,-1.845171038013706077e+00,-1.653834283831639329e+00,1.557929558493626132e+00
1.368338133563554271e+00,-1.846454069012739119e+00,-1.654951640487948517e+00,1.559840562088345095e+00
1.370083462815548492e+00,-1.847736066409775280e+00,-1.656067715547885122e+00,1.561751813677438427e+00
1.371828792067542935e+00,-1.849017034273564786e+00,-1.657182511568673577e+00,1.563663314772433921e+00
1.373574121319537156e+00,-1.850296976671029991e+00,-1.658296031098640988e+00,1.565575066891925715e+00
1.375319450571531599e+00,-1.851575897667339099e+00,-1.659408276677219130e+00,1.567487071561651568e+00
1.377064779823525820e+00,-1.852853801325970551e+00,-1.660519250834945559e+00,1.569399330314551477e+00
1.378810109075520263e+00,-1.854130691708776091e+00,-1.661628956093470055e+00,1.571311844690826298e+00
1.380555438327514484e+00,-1.855406572876052707e+00,-1.662737394965550619e+00,1.573224616238016793e+00
1.382300767579508927e+00,-1.856681448886605246e+00,-1.663844569955060804e+00,1.575137646511053369e+00
1.384046096831503148e+00,-1.857955323797818803e+00,-1.664950483556988381e+00,1.577050937072334236e+00
1.385791426083497591e+00,-1.859228201665719560e+00,-1.666055138257440005e+00,1.578964489491776924e+00
1.387536755335491812e+00,-1.860500086545048504e+00,-1.667158536533638324e+00,1.580878305346901769e+00
1.389282084587486255e+00,-1.861770982489333370e+00,-1.668260680853925093e+00,1.582792386222894976e+00
1.391027413839480475e+00,-1.863040893550944155e+00,-1.669361573677766719e+00,1.584706733712657467e+00
1.392772743091474918e+00,-1.864309823781176600e+00,-1.670461217455745162e+00,1.586621349416906135e+00
1.394518072343469139e+00,-1.865577777230315704e+00,-1.671559614629569701e+00,1.588536234944214698e+00
1.396263401595463582e+00,-1.866844757947707656e+00,-1.672656767632066277e+00,1.590451391911104295e+00
